PageLImage,
PageLSize,0
PageLColor,gray
PageRImage,
PageRSize,0
PageRColor,gray
PageVlinkColor,blue
PagelinkColor,blue
PageAlinkColor,blue
PageTextColor,black
PageBGImage,
PageBGColor,white
PageButtonSize,175
PageSwitchMenu,False
PageTopMargin,5
PageLeftMargin,5
PageRightMargin,5
PageBottomMargin,5
HeaderBGColor,gray
HeaderFGColor,white
HeaderLImage,
HeaderMImage,
HeaderRImage,
HeaderFontSize,20
HeaderFont,
HeaderTextAlign,bottom
HeaderNoTextFlag,false
SHeaderBGColor,gray
SHeaderFGColor,white
SHeaderLImage,
SHeaderMImage,
SHeaderRImage,
SHeaderFontSize,20
SHeaderFont,
FooterBGColor,gray
FooterFGColor,white
FooterLImage,
FooterMImage,
FooterRImage,
MenuBGColor,gray
MenuFGColor,white
MenuLImage,
MenuMImage,
MenuRImage,
MenuFont,
MenuFontSize,15
MenuFontCenter,0
MenuBorder,2
ContentBGColor,white
ContentBoldColor,black
ContentBGImage,
ContentLHeadBGColor,
ContentLHeadFGColor,
ContentListBGColor1,
ContentListFGColor1,
ContentListBGColor2,
ContentListFGColor2,
MenuBarBGColor,white
MenuBarBGImage,