<rss version="2.0">
  <channel>
    <title>Presentation Engine 4.0 Default Site</title>
    <link>http://localhost:59705/</link>
    <description>Presentation Engine 4.0 Default Site</description>
    <lastBuildDate>Mon, 23 Jun 2014 14:38:22 GMT </lastBuildDate>
    <language>en-us</language>
    <image>
      <title>Presentation Engine 4.0 Default Site</title>
      <link>http://localhost:59705</link>
      <url>http://localhost:59705//images/system/pengine_logo4.png</url>
    </image>
    <item>
      <title>Who is JPL Coding?2</title>
      <link>http://localhost:59705/post/view/2014/5/who-is-jpl-coding</link>
      <pubDate>Thu, 29 May 2014 14:23:50 GMT</pubDate>
      <description>JPL Coding is the front facing name adopted by LINK http://jaylittle.com Jay Little for the purposes of providing coding and IT services to an ever growing roster of clients.  JPL Coding has been in existence more or less since August of 2011 when the domain name jplcoding.com was registered.  The JPL portion of the name of course refers to my initials.  As of right now I am the sole owner and employee of JPL Coding.  In addition to a wide variety of clients, I've had a rather productive career working directly for other entities, LINK http://jaylittle.com/resume as evidenced by my resume, and therefore a wide variety of experience ranging from enterprise level application development to general IT planning, configuration and support.2</description>
    </item>
  </channel>
</rss>