<rss version="2.0">
  <channel>
    <title>Default PEngine Install</title>
    <link>http://localhost:51131/PEngine3b</link>
    <description>Default PEngine Install</description>
    <lastBuildDate>Mon, 07 Jul 2008 13:52:00 GMT </lastBuildDate>
    <language>en-us</language>
    <image>
      <title>Default PEngine Install</title>
      <link>http://localhost:51131/PEngine3b</link>
      <url>http://localhost:51131/PEngine3b/images/system/pengine_logo3.png</url>
    </image>
    <item>
      <title>Congratulations!</title>
      <link>http://localhost:51131/PEngine3b/default.aspx?cmd=news&amp;sub=display&amp;id=1</link>
      <pubDate>Mon, 07 Jul 2008 12:00:00 GMT</pubDate>
      <description>If you are seeing this - it means that your Presentation Engine 3.5 Database connection is working!  Welcome to the Presentation Engine 3.5 - I hope that you will enjoy using it as much as I did creating it.  First thing is first - log into Admin mode by clicking on the button "marked" Admin on the left menu bar.</description>
    </item>
  </channel>
</rss>