<rss version="2.0">
  <channel>
    <title>The World of Jay Little</title>
    <link>http://localhost:51131/PEngine3b</link>
    <description>The World of Jay Little</description>
    <lastBuildDate>Sat, 18 Apr 2009 11:18:20 GMT </lastBuildDate>
    <language>en-us</language>
    <image>
      <title>The World of Jay Little</title>
      <link>http://localhost:51131/PEngine3b</link>
      <url>http://localhost:51131/PEngine3b/images/system/jaylittlelogo4.png</url>
    </image>
    <item>
      <title>RIP Free Market</title>
      <link>http://localhost:51131/PEngine3b/default.aspx?cmd=news&amp;sub=display&amp;id=163</link>
      <pubDate>Sun, 23 Nov 2008 21:35:00 GMT</pubDate>
      <description>
      </description>
    </item>
    <item>
      <title>Election Day 2008</title>
      <link>http://localhost:51131/PEngine3b/default.aspx?cmd=news&amp;sub=display&amp;id=162</link>
      <pubDate>Tue, 04 Nov 2008 07:25:00 GMT</pubDate>
      <description>
      </description>
    </item>
    <item>
      <title>Rack em, Stack em, Watch em fall</title>
      <link>http://localhost:51131/PEngine3b/default.aspx?cmd=news&amp;sub=display&amp;id=161</link>
      <pubDate>Mon, 29 Sep 2008 19:55:00 GMT</pubDate>
      <description>
      </description>
    </item>
    <item>
      <title>Presentation Engine 3.5 Beta 1 available</title>
      <link>http://localhost:51131/PEngine3b/default.aspx?cmd=news&amp;sub=display&amp;id=160</link>
      <pubDate>Wed, 09 Jul 2008 20:00:00 GMT</pubDate>
      <description>
      </description>
    </item>
    <item>
      <title>Election 2008: Abstinent Again</title>
      <link>http://localhost:51131/PEngine3b/default.aspx?cmd=news&amp;sub=display&amp;id=159</link>
      <pubDate>Wed, 09 Jul 2008 19:50:00 GMT</pubDate>
      <description>
      </description>
    </item>
    <item>
      <title>A letter to Mr. Obama</title>
      <link>http://localhost:51131/PEngine3b/default.aspx?cmd=news&amp;sub=display&amp;id=158</link>
      <pubDate>Sun, 22 Jun 2008 08:30:00 GMT</pubDate>
      <description>
      </description>
    </item>
    <item>
      <title>This site is Valid XHTML 1.0 Transitional!</title>
      <link>http://localhost:51131/PEngine3b/default.aspx?cmd=news&amp;sub=display&amp;id=157</link>
      <pubDate>Fri, 23 May 2008 13:51:00 GMT</pubDate>
      <description>
      </description>
    </item>
    <item>
      <title>Hillary has jumped the shark</title>
      <link>http://localhost:51131/PEngine3b/default.aspx?cmd=news&amp;sub=display&amp;id=156</link>
      <pubDate>Tue, 06 May 2008 22:36:00 GMT</pubDate>
      <description>
      </description>
    </item>
    <item>
      <title>You Suck at Photoshop</title>
      <link>http://localhost:51131/PEngine3b/default.aspx?cmd=news&amp;sub=display&amp;id=155</link>
      <pubDate>Sat, 05 Apr 2008 07:55:00 GMT</pubDate>
      <description>
      </description>
    </item>
    <item>
      <title>Get Flash You Stupid Hippie</title>
      <link>http://localhost:51131/PEngine3b/default.aspx?cmd=news&amp;sub=display&amp;id=154</link>
      <pubDate>Sat, 22 Mar 2008 10:30:00 GMT</pubDate>
      <description>
      </description>
    </item>
    <item>
      <title>So long and thanks for all the processor cycles!</title>
      <link>http://localhost:51131/PEngine3b/default.aspx?cmd=news&amp;sub=display&amp;id=153</link>
      <pubDate>Thu, 20 Mar 2008 07:02:00 GMT</pubDate>
      <description>
      </description>
    </item>
    <item>
      <title>Presentation Engine 3.5 Beta 1</title>
      <link>http://localhost:51131/PEngine3b/default.aspx?cmd=news&amp;sub=display&amp;id=152</link>
      <pubDate>Fri, 07 Mar 2008 20:34:00 GMT</pubDate>
      <description>
      </description>
    </item>
    <item>
      <title>Super Tuesday Sadness</title>
      <link>http://localhost:51131/PEngine3b/default.aspx?cmd=news&amp;sub=display&amp;id=151</link>
      <pubDate>Wed, 06 Feb 2008 07:02:36 GMT</pubDate>
      <description>Well yesterday was a very interesting day in the political spectrum.  I was hoping (beyond hope apparently) that the competition within the Democratic primary would be ended rather definitively.  Sadly, my predication couldn't have been farther from the truth.  Obama and Hillary are still vying for the nomination though Hillary has decidedly begun to move into a more dominating position.  On the Republican side, John McCain won big which by all respects wasn't a bad thing in my book given how much I disliked Romney and Huckabee.</description>
    </item>
    <item>
      <title>Tivo HD + Charter Cable = Suckage</title>
      <link>http://localhost:51131/PEngine3b/default.aspx?cmd=news&amp;sub=display&amp;id=150</link>
      <pubDate>Thu, 31 Jan 2008 23:12:17 GMT</pubDate>
      <description>Let's start this post with a bit of background information:  For starters, in late 2006, I purchased a Tivo Series 2 DVR and replaced my Cable Company's PVR with it.  Since it was a Series 2 DVR, I was no longer able to receive digital or HD cable stations, but that was okay because at the time having a PVR that actually worked correctly consistently (yes Moxi I am looking at you) was more important than high definition.</description>
    </item>
    <item>
      <title>MacWorld Keynote Speech today</title>
      <link>http://localhost:51131/PEngine3b/default.aspx?cmd=news&amp;sub=display&amp;id=149</link>
      <pubDate>Tue, 15 Jan 2008 07:00:30 GMT</pubDate>
      <description>Yeah I'm looking forward to the Keynote speech as always.  Still I can't help but to miss the days when the live video feed was broadcast over the net and we all clambered in to watch it.  Of course after a period of time the stream would get slower and slower and become next to impossible to watch.  Still, one can dream of the good old days through a pink tinted haze of nostalgia can't they?</description>
    </item>
    <item>
      <title>Breaking News:  Ford is run by idiots... errr... maybe not so breaking.</title>
      <link>http://localhost:51131/PEngine3b/default.aspx?cmd=news&amp;sub=display&amp;id=148</link>
      <pubDate>Tue, 15 Jan 2008 06:45:11 GMT</pubDate>
      <description>So I stumbled upon this interesting foothold in the decades long saga known to many as the "Crumbling of Detroit":</description>
    </item>
    <item>
      <title>An unexpected cache of stimpacks</title>
      <link>http://localhost:51131/PEngine3b/default.aspx?cmd=news&amp;sub=display&amp;id=147</link>
      <pubDate>Wed, 09 Jan 2008 07:11:07 GMT</pubDate>
      <description>So it seems that I'm not the only retro-gamer out there wishing for more of the good old days of gaming.  One of my all time favorite RPG series, Fallout is typically revered as a pinnacle of the CRPG experience.  That having been said, it appears that an enterprising soul has taken it upon himself to add missing content that the devs cut and make a number of other mods to Fallout 2 and release them for public consumption:</description>
    </item>
    <item>
      <title>Pulp Politics</title>
      <link>http://localhost:51131/PEngine3b/default.aspx?cmd=news&amp;sub=display&amp;id=146</link>
      <pubDate>Mon, 07 Jan 2008 21:18:43 GMT</pubDate>
      <description>So here we are again.  In the midst of yet another election here in the good old US of A.  Recent stats tell us that the majority of the country is likely looking forward to this, though I question how that will be reconciled against the fact that this will be longest presidential election process our country has ever undergone.  A few weeks ago I remarked to some acquaintances that I thought voter turn-out would be the lowest this country has ever seen, and that the fact this process started so early would be primarily to blame.</description>
    </item>
    <item>
      <title>Gaming</title>
      <link>http://localhost:51131/PEngine3b/default.aspx?cmd=news&amp;sub=display&amp;id=145</link>
      <pubDate>Sun, 06 Jan 2008 10:15:22 GMT</pubDate>
      <description>So of course I'm still gaming.  Pretty decently too.  Over the last year I managed to snag a Wii.  The Wii is a pretty cool piece of equipment.  However my mainline gaming interest has stayed with RPG gaming.  Over the course of the last year I've played and beaten a number of games (some not for the first time either) such as all three Gothic games, Baldur's Gate 1 (still working up to actually playing through 2), Neverwinter Nights 1 (almost finished but dropped at the end), Oblivion (Morrowind was better), KOTOR 2 (which was great until the last 4th of the game) as well as a number of other classics like Chrono Trigger.</description>
    </item>
    <item>
      <title>Here today, a forgotten Vista’ tomorrow</title>
      <link>http://localhost:51131/PEngine3b/default.aspx?cmd=news&amp;sub=display&amp;id=143</link>
      <pubDate>Sat, 24 Feb 2007 01:45:04 GMT</pubDate>
      <description>Yeah it’s been awhile.  I’ve been busy.</description>
    </item>
  </channel>
</rss>