<?xml version="1.0" standalone="yes"?>
<data>
  <xs:schema id="data" xmlns="" xmlns:xs="http://www.w3.org/2001/XMLSchema" xmlns:msdata="urn:schemas-microsoft-com:xml-msdata">
    <xs:element name="data" msdata:IsDataSet="true" msdata:MainDataTable="row" msdata:UseCurrentLocale="true">
      <xs:complexType>
        <xs:choice minOccurs="0" maxOccurs="unbounded">
          <xs:element name="row">
            <xs:complexType>
              <xs:sequence>
                <xs:element name="category" type="xs:string" minOccurs="0" />
                <xs:element name="http" type="xs:string" minOccurs="0" />
              </xs:sequence>
            </xs:complexType>
          </xs:element>
        </xs:choice>
      </xs:complexType>
    </xs:element>
  </xs:schema>
  <row>
    <category>About</category>
  </row>
  <row>
    <category>Family</category>
    <http />
  </row>
  <row>
    <category>Gaming</category>
    <http />
  </row>
  <row>
    <category>Opinion</category>
    <http />
  </row>
  <row>
    <category>Project</category>
  </row>
  <row>
    <category>Screenshots</category>
    <http />
  </row>
  <row>
    <category>Security</category>
    <http />
  </row>
</data>