<?xml version="1.0" standalone="yes"?>
<data>
  <xs:schema id="data" xmlns="" xmlns:xs="http://www.w3.org/2001/XMLSchema" xmlns:msdata="urn:schemas-microsoft-com:xml-msdata">
    <xs:element name="data" msdata:IsDataSet="true" msdata:MainDataTable="row" msdata:UseCurrentLocale="true">
      <xs:complexType>
        <xs:choice minOccurs="0" maxOccurs="unbounded">
          <xs:element name="row">
            <xs:complexType>
              <xs:sequence>
                <xs:element name="ArticleID" type="xs:int" minOccurs="0" />
                <xs:element name="Name" type="xs:string" minOccurs="0" />
                <xs:element name="Data" type="xs:string" minOccurs="0" />
                <xs:element name="SortOrder" type="xs:int" minOccurs="0" />
              </xs:sequence>
            </xs:complexType>
          </xs:element>
        </xs:choice>
      </xs:complexType>
    </xs:element>
  </xs:schema>
  <row>
    <ArticleID>1</ArticleID>
    <Name>Download</Name>
    <Data>[CENTER][IMAGE pkiller_logo.gif][/CENTER]
The ProxyKiller source code can be downloaded at the following link:

[LINK ./downloads/proxykillerv30src.zip ProxyKiller Version 3.0]

Currently I am only offering a Source Code based distribution of Proxy Killerbecause I am not interested in receiving emails asking RTFM type of questions. I figure that I can at least cut down on these by restricting the usefullness of the download to people who actually have a copy of Visual Studio.  Because of the stage of development that ProxyKiller is in - if you do not have access to Visual Studio - then you probably shouldn't be using this application anyway. (Yes it has bugs)

There is no license on this download.  Simply put - I don't believe in licenseslike the GPL, LGPL, BSD, etc.... when it comes to Open Source software.  If the software is to be TRUELY open sourced then it must be shared without restriction. Feel free to do whatever you want with this code.  If you feel the need to attempt to use it commercially - more power to you :-)  Afterall thats what captialism is all about isnt it?

[B]Note:[/B]Check the opinions section of the main site for an essay detailing my feelings on the apparent hypocrisy in Open Source licensing schemes.</Data>
    <SortOrder>99</SortOrder>
  </row>
</data>