<?xml version="1.0" standalone="yes"?>
<data>
  <xs:schema id="data" xmlns="" xmlns:xs="http://www.w3.org/2001/XMLSchema" xmlns:msdata="urn:schemas-microsoft-com:xml-msdata">
    <xs:element name="data" msdata:IsDataSet="true" msdata:MainDataTable="row" msdata:UseCurrentLocale="true">
      <xs:complexType>
        <xs:choice minOccurs="0" maxOccurs="unbounded">
          <xs:element name="row">
            <xs:complexType>
              <xs:sequence>
                <xs:element name="ID" type="xs:int" minOccurs="0" />
                <xs:element name="Name" type="xs:string" minOccurs="0" />
                <xs:element name="Address" type="xs:string" minOccurs="0" />
                <xs:element name="City" type="xs:string" minOccurs="0" />
                <xs:element name="State" type="xs:string" minOccurs="0" />
                <xs:element name="Zip" type="xs:string" minOccurs="0" />
                <xs:element name="Phone" type="xs:string" minOccurs="0" />
                <xs:element name="Fax" type="xs:string" minOccurs="0" />
                <xs:element name="Email" type="xs:string" minOccurs="0" />
                <xs:element name="Web" type="xs:string" minOccurs="0" />
              </xs:sequence>
            </xs:complexType>
          </xs:element>
        </xs:choice>
      </xs:complexType>
    </xs:element>
  </xs:schema>
  <row>
    <ID>1</ID>
    <Name>Jay Little</Name>
    <Address>Email Me</Address>
    <City>Greer</City>
    <State>SC</State>
    <Zip>29651</Zip>
    <Phone>Email Me</Phone>
    <Fax>-NA-</Fax>
    <Email>jaylittle@jaylittle.com</Email>
    <Web>http://www.jaylittle.com</Web>
  </row>
</data>