<?xml version="1.0" standalone="yes"?>
<data>
  <xs:schema id="data" xmlns="" xmlns:xs="http://www.w3.org/2001/XMLSchema" xmlns:msdata="urn:schemas-microsoft-com:xml-msdata">
    <xs:element name="data" msdata:IsDataSet="true" msdata:MainDataTable="row" msdata:UseCurrentLocale="true">
      <xs:complexType>
        <xs:choice minOccurs="0" maxOccurs="unbounded">
          <xs:element name="row">
            <xs:complexType>
              <xs:sequence>
                <xs:element name="ID" type="xs:int" minOccurs="0" />
                <xs:element name="Institute" type="xs:string" minOccurs="0" />
                <xs:element name="HTTP" type="xs:string" minOccurs="0" />
                <xs:element name="Program" type="xs:string" minOccurs="0" />
                <xs:element name="DateStarted" type="xs:dateTime" minOccurs="0" />
                <xs:element name="DateLeft" type="xs:dateTime" minOccurs="0" />
              </xs:sequence>
            </xs:complexType>
          </xs:element>
        </xs:choice>
      </xs:complexType>
    </xs:element>
  </xs:schema>
  <row>
    <ID>1</ID>
    <Institute>Greenville Technical College</Institute>
    <HTTP>http://www.greenvilletech.com/</HTTP>
    <Program>Associates in Computer Technology</Program>
    <DateStarted>1996-08-01T00:00:00-04:00</DateStarted>
    <DateLeft>1998-06-01T00:00:00-04:00</DateLeft>
  </row>
</data>