<?xml version="1.0" standalone="yes"?>
<data>
  <xs:schema id="data" xmlns="" xmlns:xs="http://www.w3.org/2001/XMLSchema" xmlns:msdata="urn:schemas-microsoft-com:xml-msdata">
    <xs:element name="data" msdata:IsDataSet="true" msdata:MainDataTable="row" msdata:UseCurrentLocale="true">
      <xs:complexType>
        <xs:choice minOccurs="0" maxOccurs="unbounded">
          <xs:element name="row">
            <xs:complexType>
              <xs:sequence>
                <xs:element name="ID" type="xs:int" minOccurs="0" />
                <xs:element name="Type" type="xs:string" minOccurs="0" />
                <xs:element name="Name" type="xs:string" minOccurs="0" />
              </xs:sequence>
            </xs:complexType>
          </xs:element>
        </xs:choice>
      </xs:complexType>
    </xs:element>
  </xs:schema>
  <row>
    <ID>31</ID>
    <Type>Programming</Type>
    <Name>BASH Scripting</Name>
  </row>
  <row>
    <ID>30</ID>
    <Type>Programming</Type>
    <Name>CodeSmith</Name>
  </row>
  <row>
    <ID>29</ID>
    <Type>Programming</Type>
    <Name>Navision CA/L</Name>
  </row>
  <row>
    <ID>28</ID>
    <Type>Programming</Type>
    <Name>Cold Fusion</Name>
  </row>
  <row>
    <ID>22</ID>
    <Type>Programming</Type>
    <Name>VBScript (WSH)</Name>
  </row>
  <row>
    <ID>21</ID>
    <Type>Programming</Type>
    <Name>.NET (C#/VB.NET)</Name>
  </row>
  <row>
    <ID>20</ID>
    <Type>Programming</Type>
    <Name>Javascript</Name>
  </row>
  <row>
    <ID>19</ID>
    <Type>Programming</Type>
    <Name>CSS</Name>
  </row>
  <row>
    <ID>17</ID>
    <Type>Programming</Type>
    <Name>Fortran (Read Only)</Name>
  </row>
  <row>
    <ID>16</ID>
    <Type>Programming</Type>
    <Name>HTML</Name>
  </row>
  <row>
    <ID>15</ID>
    <Type>Programming</Type>
    <Name>PERL</Name>
  </row>
  <row>
    <ID>14</ID>
    <Type>Programming</Type>
    <Name>COBOL 85 (School)</Name>
  </row>
  <row>
    <ID>13</ID>
    <Type>Programming</Type>
    <Name>ASP/ ASP.NET</Name>
  </row>
  <row>
    <ID>12</ID>
    <Type>Programming</Type>
    <Name>Visual Basic</Name>
  </row>
  <row>
    <ID>11</ID>
    <Type>Programming</Type>
    <Name>C/C++</Name>
  </row>
</data>