<?xml version="1.0" standalone="yes"?>
<data>
  <xs:schema id="data" xmlns="" xmlns:xs="http://www.w3.org/2001/XMLSchema" xmlns:msdata="urn:schemas-microsoft-com:xml-msdata">
    <xs:element name="data" msdata:IsDataSet="true" msdata:MainDataTable="row" msdata:UseCurrentLocale="true">
      <xs:complexType>
        <xs:choice minOccurs="0" maxOccurs="unbounded">
          <xs:element name="row">
            <xs:complexType>
              <xs:sequence>
                <xs:element name="ArticleID" type="xs:int" minOccurs="0" />
                <xs:element name="Name" type="xs:string" minOccurs="0" />
                <xs:element name="Data" type="xs:string" minOccurs="0" />
                <xs:element name="SortOrder" type="xs:int" minOccurs="0" />
              </xs:sequence>
            </xs:complexType>
          </xs:element>
        </xs:choice>
      </xs:complexType>
    </xs:element>
  </xs:schema>
  <row>
    <ArticleID>1</ArticleID>
    <Name>Screenshots</Name>
    <Data>[CENTER][IMAGE pkiller_logo.gif][/CENTER]
Some screenshots of Proxykiller in action.....

&lt;CENTER&gt;[IMAGE pkiller_slashdot.png]
[B]www.slashdot.org - my favorite Open Source FUD site[/B]

[IMAGE pkiller_macaddict.png]
[B]www.macaddict.com - See how thelack of Javascript can affect things?[/B]

[IMAGE pkiller_neowin.png]
[B]www.neowin.net - Just enough off to make you gawk :-)[/B]

</Data>
    <SortOrder>99</SortOrder>
  </row>
</data>