<?xml version="1.0" standalone="yes"?>
<data>
  <xs:schema id="data" xmlns="" xmlns:xs="http://www.w3.org/2001/XMLSchema" xmlns:msdata="urn:schemas-microsoft-com:xml-msdata">
    <xs:element name="data" msdata:IsDataSet="true" msdata:MainDataTable="row" msdata:UseCurrentLocale="true">
      <xs:complexType>
        <xs:choice minOccurs="0" maxOccurs="unbounded">
          <xs:element name="row">
            <xs:complexType>
              <xs:sequence>
                <xs:element name="ID" type="xs:int" minOccurs="0" />
                <xs:element name="Employer" type="xs:string" minOccurs="0" />
                <xs:element name="HTTP" type="xs:string" minOccurs="0" />
                <xs:element name="Title" type="xs:string" minOccurs="0" />
                <xs:element name="DateStarted" type="xs:dateTime" minOccurs="0" />
                <xs:element name="DateLeft" type="xs:dateTime" minOccurs="0" />
                <xs:element name="Description" type="xs:string" minOccurs="0" />
              </xs:sequence>
            </xs:complexType>
          </xs:element>
        </xs:choice>
      </xs:complexType>
    </xs:element>
  </xs:schema>
  <row>
    <ID>11</ID>
    <Employer>Gower/Jobscope</Employer>
    <HTTP>http://www.jobscope.com</HTTP>
    <Title>Software/Web Developer</Title>
    <DateStarted>2008-10-27T00:00:00-04:00</DateStarted>
    <DateLeft>2020-10-27T00:00:00-04:00</DateLeft>
    <Description>Upon returning to work for Gower/Jobscope I picked up some of my older Visual Studio 2003 projects and resumed work on them.  In addition to that I have begun working on brand new ASP.NET development using Visual Studio 2008, LINQ, SQL Server 2008 and C#.  The new development revolves around a stateful web application that uses various AJAX techniques to overcome some of the traditional hurdles present within web application development.  This stateful web application automates a number of paper processes within various Gower children companies.  In addition to that, I assisted in the management of servers running Windows 2003, Windows 2008, SQL Server 2005, SQL Server 2008, Exchange 2003 and Exchange 2007.  I also shared responsibility for ensuring the stable and secure operation of the companies firewall.</Description>
  </row>
  <row>
    <ID>10</ID>
    <Employer>AMECO Inc</Employer>
    <HTTP>http://www.ameco.com</HTTP>
    <Title>Software/Web Developer</Title>
    <DateStarted>2007-07-30T00:00:00-04:00</DateStarted>
    <DateLeft>2008-10-24T00:00:00-04:00</DateLeft>
    <Description>At AMECO, a wholly owned Fluor Daniel subsidiary, my primary responsibility was to recreate portions of the custom internal ERP system as web applications.  This internal ERP system is running on a multi-valued database called D3 and hosted on Linux/AIX .  The web applications I created made heavy use of AJAX, ASP.NET 2.0, SQL Server 2005, custom XML schemas and a third party library called MV.NET that allowed us to interact with the multi-valued database.  In addition I wrote a .NET service designed to facilitate the automatic conversion of PCL printer jobs from the ERP system into PDF files, wrote an ASP.NET document storage and retrieval system, assisted in the development of shell scripts, maintained the source to an ASP-based tool tracking system purchased from a 3rd party and performed ongoing administration of the internal AIX/Linux/Windows servers hosting these applications.</Description>
  </row>
  <row>
    <ID>9</ID>
    <Employer>Jobscope</Employer>
    <HTTP>http://www.jobscope.com</HTTP>
    <Title>Software/Web Developer</Title>
    <DateStarted>2004-12-21T00:00:00-05:00</DateStarted>
    <DateLeft>2007-07-27T00:00:00-04:00</DateLeft>
    <Description>During my time at Jobscope I was responsible for the development and design of several customized applications.  Most of my of the applications were either ASP.NET web applications or winform .NET applications written for a three tiered architecture. Typically the front end code was written in VB.NET and back end libraries were constructed using serialized classes developed in C#. All of the projects made heavy use of SQL Server 2000 and various related pieces of functionality such as views, stored procedures and triggers as a result.   I also worked on other projects at Jobscope involving Navision customization, SQL Server Analysis Services and ASP.NET Web Services.  In addition I assisted with administration of the Jobscope and client networks.  This involved work with Windows 2000 &amp; 2003, ISA 2004, Active Directory, DNS, Exchange 2000 &amp; 2003, IIS 5.0 &amp; 5.1 &amp; 6.0, SQL Server 2000 and Brightstor Arcserve 11.</Description>
  </row>
  <row>
    <ID>8</ID>
    <Employer>Jobscope Inc thru MDI</Employer>
    <HTTP>http://www.jobscope.com</HTTP>
    <Title>Software/Web Developer</Title>
    <DateStarted>2004-06-21T00:00:00-04:00</DateStarted>
    <DateLeft>2004-12-20T00:00:00-05:00</DateLeft>
    <Description>During my time at Jobscope I assisted in the development and design of several customized applications.  Both applications in question were ASP.NET web applications written for a three tiered architecture.  The front end code was written in VB.NET and back end libraries were constructed using serialized classes in C#.  The backend database for both applications was constructed and hosted on SQL Server 2000.  In addition both of these applications made heavy use of Microsoft Application Blocks for the automation of some amount of functionality (i.e. Exception Management).  Both applications were designed to be exclusively be run over low bandwidth connections from remote locations.</Description>
  </row>
  <row>
    <ID>7</ID>
    <Employer>General Electric thru Logic Technology</Employer>
    <HTTP>http://www.ge.com</HTTP>
    <Title>Web/Database Developer</Title>
    <DateStarted>2001-10-01T00:00:00-04:00</DateStarted>
    <DateLeft>2004-05-04T00:00:00-04:00</DateLeft>
    <Description>While working with GE during this period of time I was primarily responsible for the development of three applications.  LDM was an ASP/VbScript web application that assisted the engineers in generating, storing and processing life estimates for a number of failure prone parts in the Gas Turbine fleet.  I was also responsible for the development of the backend SQL Server database in which the data for LDM was stored.  This application was in the process of being transitioned onto a .NET platform when my contract with GE ended.  ERFLM was a Visual Basic application dedicated to estimating when specific real world parts in the Gas Turbine fleet would fail and needed to be serviced based upon previous life estimates and current data collected on those parts.  ERFLM used local data storage in the form of Microsoft Access and pulled data from a number of third party SQL Servers.  DRS is a ASP/VBScript web application that automated a paper process known as the “Departure Process”.  In a Departure a specific unit is recommended for special treatment (i.e. the skipping of an inspection) in an effort to save GE money and increase their margins.  DRS automated a large portion of a paper process dedicated to checking the feasibility of a departure against any possible issues that could come into play.  DRS included a very intricate system for handing out privileges within the system (there were dozens of different levels of access within the system) and allowed for complex email notifications to be delivered as each step of the process became approved/completed.  I also worked on a number of smaller applications including several database utilities written in C#, a large number of routine scripts written in VBScript and I also was responsible for assisting in the administering of the department Windows 2000 IIS and SQL Server.  My contract with GE ended on 2/13/2004 though LTI continued to employ me until 5/4/2004.</Description>
  </row>
  <row>
    <ID>1</ID>
    <Employer>General Electric thru Adecco Technical</Employer>
    <HTTP>http://www.ge.com</HTTP>
    <Title>Web/Database Developer</Title>
    <DateStarted>2000-09-21T00:00:00-04:00</DateStarted>
    <DateLeft>2001-09-21T00:00:00-04:00</DateLeft>
    <Description>While working with GE during this period of time I was primarily responsible for the development of one application, RAMPAGE.  RAMPAGE was an ASP/VBScript web application that interfaced with Verity Indexing technology. This application allowed the engineers to search through the thousands of documents of available on the department fileserver as well as the contents of a number of database sources.  RAMPAGE provided user level interface customization options, the ability to push content to end users automatically, and the ability to assign system privileges on a granular level.  My contract with GE ended on 9/21/2001.</Description>
  </row>
  <row>
    <ID>2</ID>
    <Employer>Teletech Inc.</Employer>
    <HTTP>http://www.teletech.com</HTTP>
    <Title>Network Administrator</Title>
    <DateStarted>1999-11-01T00:00:00-04:00</DateStarted>
    <DateLeft>2000-09-01T00:00:00-04:00</DateLeft>
    <Description>I administered and maintained a network of nearly 100 client machines, 4 Windows NT 4 Servers, and 1 Novell Netware 3.2 Server in the fast paced, pressure oriented environment of an international UPS Call Center.  I gained extensive experience with Call Center oriented products such as TCS, RTA, and CMS (Lucent Switch Software).  I also single handedly designed and developed the Teletech Greenville Intranet site using ASP/VBScript.</Description>
  </row>
  <row>
    <ID>3</ID>
    <Employer>Compass Information Solutions</Employer>
    <HTTP>http://www.compass-info.com</HTTP>
    <Title>Visual Basic Developer</Title>
    <DateStarted>1999-04-01T00:00:00-04:00</DateStarted>
    <DateLeft>1999-11-01T00:00:00-04:00</DateLeft>
    <Description>I worked on converting large amounts of billing, diagnosis, and lab data between different hospital system management platforms.  I also worked on redesigning our cutting edge engine conversion engine which allowed us to access flatfiles through an ADO like interface.  I worked extensively with Meditech, SOMMED, Dairyland, and SAINT medical systems.  The majority of my work was completed using Visual Basic, Microsoft Office, and SQL Server.</Description>
  </row>
  <row>
    <ID>4</ID>
    <Employer>Carolina Business Systems</Employer>
    <HTTP>http://www.carolinabsi.com</HTTP>
    <Title>Visual Basic Developer (temp)</Title>
    <DateStarted>1999-02-01T00:00:00-05:00</DateStarted>
    <DateLeft>1999-03-01T00:00:00-05:00</DateLeft>
    <Description>I worked with CBSI on a temporary basis in an effort to help design a Visual Basic interface for a preexisting Bar Coding system.  I also worked to develop some VBA scripts for the Solomon Enterprise Accounting System.</Description>
  </row>
  <row>
    <ID>6</ID>
    <Employer>CopyMax Inc.</Employer>
    <HTTP>http://www.copymax.com</HTTP>
    <Title>Graphic Artist</Title>
    <DateStarted>1998-02-01T00:00:00-05:00</DateStarted>
    <DateLeft>1999-02-01T00:00:00-05:00</DateLeft>
    <Description>I worked with numerous walk in customers to design and develop a variety of brochures, announcements, business cards, posters, and other forms of media.  I was also solely responsible for maintaining the in-store network which consisted of 3 Power Macintoshes, 1 NT Workstation, 2 Windows 95 PCs, and 1 server running Novell Netware 3.12.</Description>
  </row>
</data>