<?xml version="1.0" standalone="yes"?>
<data>
  <xs:schema id="data" xmlns="" xmlns:xs="http://www.w3.org/2001/XMLSchema" xmlns:msdata="urn:schemas-microsoft-com:xml-msdata">
    <xs:element name="data" msdata:IsDataSet="true" msdata:MainDataTable="row" msdata:UseCurrentLocale="true">
      <xs:complexType>
        <xs:choice minOccurs="0" maxOccurs="unbounded">
          <xs:element name="row">
            <xs:complexType>
              <xs:sequence>
                <xs:element name="ID" type="xs:int" minOccurs="0" />
                <xs:element name="Name" type="xs:string" minOccurs="0" />
                <xs:element name="Description" type="xs:string" minOccurs="0" />
                <xs:element name="Category" type="xs:string" minOccurs="0" />
                <xs:element name="http" type="xs:string" minOccurs="0" />
                <xs:element name="DefaultSection" type="xs:string" minOccurs="0" />
                <xs:element name="Visible" type="xs:boolean" minOccurs="0" />
                <xs:element name="HideButtons" type="xs:boolean" minOccurs="0" />
                <xs:element name="HideDropDown" type="xs:boolean" minOccurs="0" />
                <xs:element name="AdminPass" type="xs:string" minOccurs="0" />
              </xs:sequence>
            </xs:complexType>
          </xs:element>
        </xs:choice>
      </xs:complexType>
    </xs:element>
  </xs:schema>
  <row>
    <ID>1</ID>
    <Name>ProxyKiller</Name>
    <Description>A Web Based application designed to assist in the circumventing of Proxy Based Web Filtering techniques.</Description>
    <Category>Project</Category>
    <DefaultSection>FAQ</DefaultSection>
    <Visible>true</Visible>
    <HideButtons>false</HideButtons>
    <HideDropDown>false</HideDropDown>
  </row>
</data>