<?xml version="1.0" standalone="yes"?>
<data>
  <xs:schema id="data" xmlns="" xmlns:xs="http://www.w3.org/2001/XMLSchema" xmlns:msdata="urn:schemas-microsoft-com:xml-msdata">
    <xs:element name="data" msdata:IsDataSet="true" msdata:MainDataTable="row" msdata:UseCurrentLocale="true">
      <xs:complexType>
        <xs:choice minOccurs="0" maxOccurs="unbounded">
          <xs:element name="row">
            <xs:complexType>
              <xs:sequence>
                <xs:element name="ID" type="xs:int" minOccurs="0" />
                <xs:element name="Type" type="xs:string" minOccurs="0" />
                <xs:element name="Name" type="xs:string" minOccurs="0" />
              </xs:sequence>
            </xs:complexType>
          </xs:element>
        </xs:choice>
      </xs:complexType>
    </xs:element>
  </xs:schema>
  <row>
    <ID>27</ID>
    <Type>Server Applications</Type>
    <Name>ISA 2004</Name>
  </row>
  <row>
    <ID>26</ID>
    <Type>Server Applications</Type>
    <Name>IIS 5.0  / 5.1 / 6.0</Name>
  </row>
  <row>
    <ID>25</ID>
    <Type>Server Applications</Type>
    <Name>Active Directory for 2000 / 2003</Name>
  </row>
  <row>
    <ID>24</ID>
    <Type>Server Applications</Type>
    <Name>Exchange 2000 / 2003 / 2007</Name>
  </row>
  <row>
    <ID>23</ID>
    <Type>Server Applications</Type>
    <Name>SQL Server 7.0 / 2000 / 2005 / 2008</Name>
  </row>
</data>