<?xml version="1.0" standalone="yes"?>
<data>
  <xs:schema id="data" xmlns="" xmlns:xs="http://www.w3.org/2001/XMLSchema" xmlns:msdata="urn:schemas-microsoft-com:xml-msdata">
    <xs:element name="data" msdata:IsDataSet="true" msdata:MainDataTable="row" msdata:UseCurrentLocale="true">
      <xs:complexType>
        <xs:choice minOccurs="0" maxOccurs="unbounded">
          <xs:element name="row">
            <xs:complexType>
              <xs:sequence>
                <xs:element name="ID" type="xs:int" minOccurs="0" />
                <xs:element name="Type" type="xs:string" minOccurs="0" />
                <xs:element name="Name" type="xs:string" minOccurs="0" />
              </xs:sequence>
            </xs:complexType>
          </xs:element>
        </xs:choice>
      </xs:complexType>
    </xs:element>
  </xs:schema>
  <row>
    <ID>18</ID>
    <Type>Operating Systems</Type>
    <Name>Mac OS X / 9 / 8 / 7</Name>
  </row>
  <row>
    <ID>5</ID>
    <Type>Operating Systems</Type>
    <Name>Novell Netware 3.2</Name>
  </row>
  <row>
    <ID>4</ID>
    <Type>Operating Systems</Type>
    <Name>OS/2 Warp 4.0</Name>
  </row>
  <row>
    <ID>3</ID>
    <Type>Operating Systems</Type>
    <Name>Linux 2.2/2.4/2.6</Name>
  </row>
  <row>
    <ID>2</ID>
    <Type>Operating Systems</Type>
    <Name>Windows Vista / 2003 / 2000 / XP / NT</Name>
  </row>
  <row>
    <ID>1</ID>
    <Type>Operating Systems</Type>
    <Name>Windows 95/95/ME</Name>
  </row>
</data>