<?xml version="1.0" standalone="yes"?>
<data>
  <xs:schema id="data" xmlns="" xmlns:xs="http://www.w3.org/2001/XMLSchema" xmlns:msdata="urn:schemas-microsoft-com:xml-msdata">
    <xs:element name="data" msdata:IsDataSet="true" msdata:MainDataTable="row" msdata:UseCurrentLocale="true">
      <xs:complexType>
        <xs:choice minOccurs="0" maxOccurs="unbounded">
          <xs:element name="row">
            <xs:complexType>
              <xs:sequence>
                <xs:element name="Type" type="xs:string" minOccurs="0" />
              </xs:sequence>
            </xs:complexType>
          </xs:element>
        </xs:choice>
      </xs:complexType>
    </xs:element>
  </xs:schema>
  <row>
    <Type>Applications</Type>
  </row>
  <row>
    <Type>Operating Systems</Type>
  </row>
  <row>
    <Type>Programming</Type>
  </row>
  <row>
    <Type>Server Applications</Type>
  </row>
</data>