<?xml version="1.0" standalone="yes"?>
<NewDataSet>
  <xs:schema id="NewDataSet" xmlns="" xmlns:xs="http://www.w3.org/2001/XMLSchema" xmlns:msdata="urn:schemas-microsoft-com:xml-msdata">
    <xs:element name="NewDataSet" msdata:IsDataSet="true" msdata:MainDataTable="row" msdata:UseCurrentLocale="true">
      <xs:complexType>
        <xs:choice minOccurs="0" maxOccurs="unbounded">
          <xs:element name="row">
            <xs:complexType>
              <xs:sequence>
                <xs:element name="id" msdata:AutoIncrement="true" msdata:AutoIncrementSeed="1" type="xs:long" minOccurs="0" />
                <xs:element name="query" type="xs:string" minOccurs="0" />
                <xs:element name="type" type="xs:string" minOccurs="0" />
                <xs:element name="subtype" type="xs:string" minOccurs="0" />
                <xs:element name="parameter" type="xs:string" minOccurs="0" />
              </xs:sequence>
            </xs:complexType>
          </xs:element>
        </xs:choice>
      </xs:complexType>
    </xs:element>
  </xs:schema>
  <row>
    <id>2</id>
    <query>Select TOP 1 * from SystemNews order by timeposted DESC</query>
    <type>news</type>
    <subtype>current</subtype>
    <parameter>current</parameter>
  </row>
  <row>
    <id>3</id>
    <query>Select * from QuoteList</query>
    <type>quote</type>
    <subtype>list</subtype>
    <parameter />
  </row>
  <row>
    <id>6</id>
    <query>Select * From Articles where id = 1</query>
    <type>article</type>
    <subtype>none</subtype>
    <parameter>1</parameter>
  </row>
  <row>
    <id>7</id>
    <query>Select * from ArticleSection where ArticleID = 1 order by SortOrder ASC, Name ASC</query>
    <type>section</type>
    <subtype>list</subtype>
    <parameter>1</parameter>
  </row>
  <row>
    <id>8</id>
    <query>Select TOP 1 * from ArticleSection where ArticleID = 1 and name = "Download" order by sortorder,name</query>
    <type>section</type>
    <subtype>none</subtype>
    <parameter>1|Download</parameter>
  </row>
  <row>
    <id>9</id>
    <query>Select TOP 1 * from ArticleSection where ArticleID = 1 and name = "FAQ" order by sortorder,name</query>
    <type>section</type>
    <subtype>none</subtype>
    <parameter>1|FAQ</parameter>
  </row>
  <row>
    <id>10</id>
    <query>Select TOP 1 * from ArticleSection where ArticleID = 1 and name = "Screenshots" order by sortorder,name</query>
    <type>section</type>
    <subtype>none</subtype>
    <parameter>1|Screenshots</parameter>
  </row>
  <row>
    <id>11</id>
    <query>Select * from SystemNews order by timeposted DESC</query>
    <type>news</type>
    <subtype>list</subtype>
    <parameter />
  </row>
  <row>
    <id>12</id>
    <query>Select TOP 1 * from SystemNews where id = 162 order by timeposted DESC</query>
    <type>news</type>
    <subtype>none</subtype>
    <parameter>162</parameter>
  </row>
  <row>
    <id>13</id>
    <query>Select * from ResumeObjective</query>
    <type>resume</type>
    <subtype>objective</subtype>
    <parameter />
  </row>
  <row>
    <id>14</id>
    <query>Select * from ResumePersonal</query>
    <type>resume</type>
    <subtype>personal</subtype>
    <parameter />
  </row>
  <row>
    <id>15</id>
    <query>Select Distinct Type from ResumeSkills order by Type ASC</query>
    <type>resume</type>
    <subtype>skill_types</subtype>
    <parameter />
  </row>
  <row>
    <id>16</id>
    <query>Select * from ResumeSkills where Type = "Applications" order by Type ASC</query>
    <type>resume</type>
    <subtype>skill</subtype>
    <parameter>Applications</parameter>
  </row>
  <row>
    <id>17</id>
    <query>Select * from ResumeSkills where Type = "Operating Systems" order by Type ASC</query>
    <type>resume</type>
    <subtype>skill</subtype>
    <parameter>Operating Systems</parameter>
  </row>
  <row>
    <id>18</id>
    <query>Select * from ResumeSkills where Type = "Programming" order by Type ASC</query>
    <type>resume</type>
    <subtype>skill</subtype>
    <parameter>Programming</parameter>
  </row>
  <row>
    <id>19</id>
    <query>Select * from ResumeSkills where Type = "Server Applications" order by Type ASC</query>
    <type>resume</type>
    <subtype>skill</subtype>
    <parameter>Server Applications</parameter>
  </row>
  <row>
    <id>20</id>
    <query>Select * from ResumeEducation order by DateStarted DESC</query>
    <type>resume</type>
    <subtype>education</subtype>
    <parameter />
  </row>
  <row>
    <id>21</id>
    <query>Select * from ResumeWorkHistory order by DateStarted DESC</query>
    <type>resume</type>
    <subtype>workhistory</subtype>
    <parameter />
  </row>
  <row>
    <id>27</id>
    <query>Select * from ArticleSection where ArticleID = 26 order by SortOrder ASC, Name ASC</query>
    <type>section</type>
    <subtype>list</subtype>
    <parameter>26</parameter>
  </row>
  <row>
    <id>28</id>
    <query>Select * From Articles where id = 26</query>
    <type>article</type>
    <subtype>none</subtype>
    <parameter>26</parameter>
  </row>
  <row>
    <id>29</id>
    <query>Select TOP 1 * from ArticleSection where ArticleID = 26 and name = "The Proof is in the Pictures" order by sortorder,name</query>
    <type>section</type>
    <subtype>none</subtype>
    <parameter>26|The Proof is in the Pictures</parameter>
  </row>
  <row>
    <id>30</id>
    <query>Select category,http from Articles Group By category,http</query>
    <type>category</type>
    <subtype>listadmin</subtype>
    <parameter />
  </row>
  <row>
    <id>31</id>
    <query>Select category,http from Articles where visible = true group by category,http</query>
    <type>category</type>
    <subtype>list</subtype>
    <parameter />
  </row>
  <row>
    <id>32</id>
    <query>Select * From Articles where id = 54</query>
    <type>article</type>
    <subtype>none</subtype>
    <parameter>54</parameter>
  </row>
</NewDataSet>