<?xml version="1.0" standalone="yes"?>
<data>
  <xs:schema id="data" xmlns="" xmlns:xs="http://www.w3.org/2001/XMLSchema" xmlns:msdata="urn:schemas-microsoft-com:xml-msdata">
    <xs:element name="data" msdata:IsDataSet="true" msdata:MainDataTable="row" msdata:UseCurrentLocale="true">
      <xs:complexType>
        <xs:choice minOccurs="0" maxOccurs="unbounded">
          <xs:element name="row">
            <xs:complexType>
              <xs:sequence>
                <xs:element name="ID" type="xs:int" minOccurs="0" />
                <xs:element name="Type" type="xs:string" minOccurs="0" />
                <xs:element name="Name" type="xs:string" minOccurs="0" />
              </xs:sequence>
            </xs:complexType>
          </xs:element>
        </xs:choice>
      </xs:complexType>
    </xs:element>
  </xs:schema>
  <row>
    <ID>9</ID>
    <Type>Applications</Type>
    <Name>Visual Studio 2008 / 2005 / 2003 / 2002 / 6.0</Name>
  </row>
  <row>
    <ID>8</ID>
    <Type>Applications</Type>
    <Name>QuarksExpress</Name>
  </row>
  <row>
    <ID>7</ID>
    <Type>Applications</Type>
    <Name>The Gimp</Name>
  </row>
  <row>
    <ID>6</ID>
    <Type>Applications</Type>
    <Name>Microsoft Office 2K3 / XP / 2K / 97</Name>
  </row>
</data>