<?xml version="1.0" standalone="yes"?>
<data>
  <xs:schema id="data" xmlns="" xmlns:xs="http://www.w3.org/2001/XMLSchema" xmlns:msdata="urn:schemas-microsoft-com:xml-msdata">
    <xs:element name="data" msdata:IsDataSet="true" msdata:MainDataTable="row" msdata:UseCurrentLocale="true">
      <xs:complexType>
        <xs:choice minOccurs="0" maxOccurs="unbounded">
          <xs:element name="row">
            <xs:complexType>
              <xs:sequence>
                <xs:element name="ArticleID" type="xs:int" minOccurs="0" />
                <xs:element name="Name" type="xs:string" minOccurs="0" />
                <xs:element name="Data" type="xs:string" minOccurs="0" />
                <xs:element name="SortOrder" type="xs:int" minOccurs="0" />
              </xs:sequence>
            </xs:complexType>
          </xs:element>
        </xs:choice>
      </xs:complexType>
    </xs:element>
  </xs:schema>
  <row>
    <ArticleID>1</ArticleID>
    <Name>FAQ</Name>
    <Data>[CENTER][IMAGE pkiller_logo.gif][/CENTER]
[SUBHEADER What is Proxykiller?]Proxykiller is a web application designed to circumvent the Proxy Based Web Filters of today.Essentially Proxykiller can allow you to browse the web unrestricted while surfing from withinwhat would normally be considered a restricted environment.

[SUBHEADER How does it Work?]You may have seen similar projects to Proxykiller floating around the web such as &lt;A HREF="http://www.safeweb.com"&gt;SafeWeb&lt;/A&gt; and various other "Web Based Browsing Services" as they like to call themselves.  These projects allow you to access sites that are normally blocked by accepting and encrypting your browser requests and forwarding it through their servers and back again.  As a result it appears to your companies proxy server/filtering system that you are simply spending ALOT of time at www.safeweb.com all day - when in fact you are surfing throughout the entire world wide web.  This is essentially how ProxyKiller functions.

[SUBHEADER What makes ProxyKiller better than the others?]Well as you may imagine - the majority of companies have begun blocking sites like SafeWeb in a continuing effort to limit the web access their employess have.  Because most of the major and decent Proxykiller like systems have been blocked - they are impossible to use.

Proxykiller however is immune to such problems.  Because Proxykiller is an OpenSource project and can be installed on any home Windows 95/95/2000/XP based machine - it is impossible to block ALL of the Proxykiller systems - simply because you'll never know where all of them are.

[SUBHEADER Can I try before I buy?]Sorry I do not provide a working sample of ProxyKiller for you to try.  Simply put - I do not have the server horsepower or the bandwith to support more than a few users (namely myself).  There are some screenshots available in the section marked "Screenshots", but thats about it.  If anybody would like to set up a ProxyKiller server for public use - feel free to email me the address so I can post it here.

[SUBHEADER Why did you write ProxyKiller?]As most projects begin - I found myself quite bored at work one day. Not to mention I was frustrated with the fact that some of my favorite programming reference sites had for some reason or another been blocked by the Proxy Server.

One of my projects at the time required me to learn a little bit about binary file streaming over the web and having recognized the doors such skills could open in my effort to defeat the company proxy server, I began work on what I consider to be one of my coolest projects ever.

[SUBHEADER What is Proxykiller written in?]Proxykiller is written in HTML/ASP/VbScript.  There is also one server side ActiveX DLL that will need to be installed in order to use Proxykiller - this DLL was written using Visual Basic.

[SUBHEADER What are the system requirements?]Proxykiller requires the following:

[B]Your Home Machine:[/B][BLOCKQUOTE]	[B]Operating System:[/B]	[BLOCKQUOTE]		Windows 95/98
		Windows NT 4.0+
		Windows 2000 SP2+
		Windows XP	[/BLOCKQUOTE]	[B]HTTP Server Software:[/B]	[BLOCKQUOTE]		Internet Information Server 4.0/5.0/5.1
		Personal Web Server (May Require More Testing)	[/BLOCKQUOTE]	[B]Internet Connection:[/B]	[BLOCKQUOTE]		Cable Modem
		ADSL
		T1/T3/OC3
		(Essentially an ALWAYS ON Internet Connection)	[/BLOCKQUOTE][/BLOCKQUOTE][B]Your "Work" Machine:[/B][BLOCKQUOTE]	[B]Internet Browser:[/B]	[BLOCKQUOTE]		Internet Explorer 4.0+
		Netscrape 4.7+ (Has not been confirmed but SHOULD work)	[/BLOCKQUOTE][/BLOCKQUOTE][SUBHEADER What portions of web browsing doesnt it support?]Currently ProxyKiller doesn't support the following aspects of web browsing:
[BLOCKQUOTE]	Javascript
[/BLOCKQUOTE]Javascript capability will NOT be added in the forseeable future - due to the fact that there doesnt appear to be ANY reliable way to process the Javascript code.  Currently all data between the SCRIPT tags of an HTML document are removed and replaced with an HTML comment detailing the removal.

[SUBHEADER Is Proxykiller Illegal?]Lets put it this way:  It all depends on what sites you plan to surf to using Proxykiller.

Proxykiller in and of itself is not illegal by any means. In fact, since ProxyKiller doesn't require any "client" software beyond a standard web browser to be installed on your "work" machine - theres no problem with the ProxyKiller software package.  You will however begin to run into problems depending on where you surf using Proxykiller.

For example, if you decide to download some pornographic material (which of course is quite difficult to obtain over the web *cough* *cough*) using Proxykiller - then chances are if somebody happens to find out - you will be fired.

To be honest - I don't know of a single piece of software (beyond pirated versions of commerical software) which could be considered illegal.  But I do know that it is possible to perform illegal activities with nearly any piece of software.  Does that make the software illegal? Of course not.

[SUBHEADER Can I get fired for using ProxyKiller?]As you can see - Im really trying to slam this point home.  No you cannot get fired for using Proxykiller - but you can get fired for going to sites which violate your Company's Internet Usage policy.

[SUBHEADER Where can I get ProxyKiller?]Check the menu - there should be a button marked download.

</Data>
    <SortOrder>99</SortOrder>
  </row>
</data>