PageLImage,
PageLSize,0
PageLColor,#0b35a6
PageRImage,
PageRSize,0
PageRColor,#0b35a6
PageVlinkColor,#0b35a6
PagelinkColor,#0b35a6
PageAlinkColor,#0b35a6
PageTextColor,black
PageBGImage,
PageBGColor,white
PageButtonSize,175
PageSwitchMenu,False
PageTopMargin,5
PageLeftMargin,5
PageRightMargin,5
PageBottomMargin,5
HeaderBGColor,#0b35a6
HeaderFGColor,white
HeaderLImage,btopleft.png
HeaderMImage,btopmid.png
HeaderRImage,btopright.png
HeaderFontSize,20
HeaderFont,
HeaderTextAlign,center
HeaderNoTextFlag,false
SHeaderBGColor,#0b35a6
SHeaderFGColor,white
SHeaderLImage,sheadleft.png
SHeaderMImage,sheadmid.png
SHeaderRImage,sheadright.png
SHeaderFontSize,20
SHeaderFont,
FooterBGColor,gray
FooterFGColor,white
FooterLImage,
FooterMImage,
FooterRImage,
MenuBGColor,white
MenuFGColor,#0b35a6
MenuLImage,optleft.png
MenuMImage,optmid.png
MenuRImage,optright.png
MenuFont,
MenuFontSize,15
MenuFontCenter,1
MenuBorder,0
ContentBGColor,white
ContentBoldColor,black
ContentBGImage,
ContentLHeadBGColor,
ContentLHeadFGColor,
ContentListBGColor1,#f0f0f0
ContentListFGColor1,black
ContentListBGColor2,#0b35a6
ContentListFGColor2,white
MenuBarBGColor,#0b35a6
MenuBarBGImage,menubg.png
